Company Name,Public HR / Careers / Recruitment Email,Public Source URL,Public Phone Text (if available),August 16–29 Role / Status,Eligibility / Salary,Verification Note
Aarti Drugs Ltd.,hraarti@aartidrugs.com,https://www.aartidrugs.com/contact-us,+91 22 2401 9025 (https://www.aartidrugs.com/contact-us),Not verified,Not publicly stated,Public source-cited HR/careers-context contact. Confirm with company before applying.
Accord Healthcare Pvt. Ltd.,careers@accord-healthcare.com,https://www.accord-healthcare.com/ie/life-and-careers-accord,Not publicly verified,"Quality Assurance (IPQA / QMS / Validation) and Manufacturing & Packing Roles (Walk-in Drive on August 16, 2026 at Sanand, Ahmedabad)",Experience: 1-9 years for Manufacturing & Packing; 2-8 years for Quality Assurance (IPQA/QMS/Validation). Salary: Not publicly stated.,Public source-cited HR/careers-context contact. Confirm with company before applying.
Aizant Drug Research Solutions Pvt. Ltd.,raghuveera.vutla@aizant.com,https://www.instagram.com/reel/Db0vBp6o__O/,+91 90145 58532 (https://www.instagram.com/p/DNqGQuat-xq/),Not verified,Experience: 2–6 years (OSD/Production/IPQA); Salary: Not publicly stated,Public source-cited HR/careers-context contact. Confirm with company before applying.
Ajanta Pharma Limited,cv.ptn@ajantapharma.com,https://www.instagram.com/reel/DbHlyAjo5qV/,Not publicly verified,Not verified,Not publicly stated,Public source-cited HR/careers-context contact. Confirm with company before applying.
Ajanta Pharma Ltd.,referral.dhj@ajantapharma.com,https://pharmajobspost.in/ajanta-pharma-walk-in-interview-2026-multiple-openings-for-dahej-gujarat/,Not publicly verified,"Walk-in interview on 23rd August 2026 for Quality Assurance (Sr. Officer/Officer) and Manufacturing/Packing (OSD operations, granulation, compression, coating) at Dahej, Gujarat facility.","Qualification: B.Pharm/M.Pharm for QA & Sr. Officer Manufacturing; 10th/12th + ITI, Diploma, or D.Pharm for Associate/Operator. Experience: 2–8 years (Manufacturing), 3–5 years (QA). Salary/CTC: Not publicly stated.",Public source-cited HR/careers-context contact. Confirm with company before applying.
Akums Drugs & Pharmaceuticals Ltd.,career.progress@akums.net,https://www.linkedin.com/posts/akums_exciting-career-opportunity-join-our-team-activity-7210224252954791936-EE02,8800461116 (https://www.linkedin.com/posts/akums_exciting-career-opportunity-join-our-team-activity-7210224252954791936-EE02),Not verified,Not publicly stated,Public source-cited HR/careers-context contact. Confirm with company before applying.
Alembic Pharmaceuticals Ltd.,careers@alembic.co.in,https://alembicpharmaceuticals.com/careers,Not publicly verified,Not verified,Not publicly stated,Public source-cited HR/careers-context contact. Confirm with company before applying.
Alivus Life Sciences Ltd.,prajet.khule@alivus.com,https://pharmabharat.org/alivus-life-sciences-hiring-for-production-safety-ehs-quality-assurance-quality-control/,Not publicly verified,"Walk-in interview held on 08 August 2026 for Production (Officer: 2-5 years), Quality Assurance (Officer - QA Investigations: 1-3 years; Senior Officer - QA Vendor Qualification: 4-6 years), Quality Control (Officer/Senior Officer: 1-5 years), and Safety (EHS) at Ankleshwar, Gujarat facility.",Experience: 1–6 years (Officer – Production: 2–5 years; Officer – QA: 1–3 years; Senior Officer – QA: 4–6 years; Officer/Senior Officer – QC: 1–5 years). Qualification: B.Sc / M.Sc in Chemistry. Salary/CTC: Not publicly stated.,Public source-cited HR/careers-context contact. Confirm with company before applying.
Alkem Laboratories Ltd.,hrbaddi@alkem.com,https://pharmawisdom.co.in/alkem-laboratories-walk-in-interviews-production-qc-departments-on-14th-aug-2026/,+91 9857417569 (Source: https://pharmawisdom.co.in/alkem-laboratories-walk-in-interviews-production-qc-departments-on-14th-aug-2026/),Not verified,Not publicly stated,Public source-cited HR/careers-context contact. Confirm with company before applying.
Alniche Life Sciences Pvt. Ltd.,bpsahoo.alniche@gmail.com,https://www.facebook.com/AlnicheIndia/posts/elated-to-share-the-great-news-of-unveiling-the-new-office-in-delhithis-initiati/2146155875549414/,+91-9338808339 https://www.facebook.com/AlnicheIndia/,Not verified,Not publicly stated,Public source-cited HR/careers-context contact. Confirm with company before applying.
Alniche Lifesciences,career@alniche.com,https://in.linkedin.com/company/alniche-life-sciences-pvt-ltd,Not publicly verified,Not verified,Not publicly stated,Public source-cited HR/careers-context contact. Confirm with company before applying.
Alteus Biogenics Pvt. Ltd.,alteushr@alteus.co.in,https://www.facebook.com/alteusbiogenicsindia/posts/were-hiring-join-team-alteus-are-you-passionate-about-building-impactful-brands-/1184553496803202/,+91 6289616672 (https://www.facebook.com/alteusbiogenicsindia/posts/were-hiring-join-team-alteus-are-you-passionate-about-building-impactful-brands-/1184553496803202/),Not verified,Not publicly stated,Public source-cited HR/careers-context contact. Confirm with company before applying.
Amneal Pharmaceuticals,priyar.sharma@amneal.com,https://www.linkedin.com/posts/chandani-daswani-3341a223_productionosd-manufacturingosd-tabletcapsules-activity-7194566670613417985-kI49,Not verified,Not verified,0–5 years (Apprentices: 0–1 yrs; Officers/Executives: 1–5 yrs); salary/CTC not publicly stated,Public source-cited HR/careers-context contact. Confirm with company before applying.
Amneal Pharmaceuticals (Matoda),career.matoda@amneal.com,https://pharmabharat.com/amneal-pharma-is-hiring-for-manufacturing-packing/,Not publicly verified,"Manufacturing Officer/Operator (2-6 years) & Manufacturing Apprentice (Freshers) walk-in interview held on August 13, 2026; Aseptic Operator, Packing Operator & Packing Supervisor (3-9 years) walk-in drive held on August 14, 2026 at SEZ Matoda facility, Ahmedabad, Gujarat.","Experience: 2 to 9 years (and freshers for apprenticeship); Qualification: B.Pharm, M.Pharm, M.Sc., Diploma, ITI, BA, B.Com, B.Sc.; Salary/CTC: Not publicly stated",Public source-cited HR/careers-context contact. Confirm with company before applying.
Amneal Pharmaceuticals (Matoda),chandanid@amneal.com,https://pharmabharat.com/amneal-pharma-is-hiring-for-manufacturing-packing/,Not publicly verified,"Manufacturing Officer/Operator (2-6 years) & Manufacturing Apprentice (Freshers) walk-in interview held on August 13, 2026; Aseptic Operator, Packing Operator & Packing Supervisor (3-9 years) walk-in drive held on August 14, 2026 at SEZ Matoda facility, Ahmedabad, Gujarat.","Experience: 2 to 9 years (and freshers for apprenticeship); Qualification: B.Pharm, M.Pharm, M.Sc., Diploma, ITI, BA, B.Com, B.Sc.; Salary/CTC: Not publicly stated",Public source-cited HR/careers-context contact. Confirm with company before applying.
Amneal Pharmaceuticals (Matoda),jyoti.parmar@amneal.com,https://pharmabharat.com/amneal-pharma-is-hiring-for-manufacturing-packing/,Not publicly verified,"Manufacturing Officer/Operator (2-6 years) & Manufacturing Apprentice (Freshers) walk-in interview held on August 13, 2026; Aseptic Operator, Packing Operator & Packing Supervisor (3-9 years) walk-in drive held on August 14, 2026 at SEZ Matoda facility, Ahmedabad, Gujarat.","Experience: 2 to 9 years (and freshers for apprenticeship); Qualification: B.Pharm, M.Pharm, M.Sc., Diploma, ITI, BA, B.Com, B.Sc.; Salary/CTC: Not publicly stated",Public source-cited HR/careers-context contact. Confirm with company before applying.
Amoli Organics Pvt. Ltd.,amoli.hr@amoliindia.com,https://pharmawisdom.co.in/amoli-organics-openings-for-r-d-officer-sr-officer-executive-submit-resume-to-hr-email/,+91 22 66214715 (https://www.amoliindia.com/privacy-policy),Not verified,Not publicly stated,Public source-cited HR/careers-context contact. Confirm with company before applying.
Aneta Pharmaceuticals,hr@anetapharma.com,https://pharmastuff.org/job/aneta-pharmaceutical-production-qc-engineering,Not publicly verified,"Not verified (Walk-in held on August 9, 2026; no explicit Aug 16–29, 2026 QA/IPQA/Production/OSD vacancy evidenced)","Experience: 0–5 years; Qualification: B.Pharm, M.Pharm, B.Sc, M.Sc, ITI, 10th Pass; Salary/CTC: Fresher roles ₹2.2–₹3.5 LPA, Officer positions ₹3.5–₹6.5 LPA, Senior Officer ₹5.5–₹8.5 LPA, Technician ₹2.5–₹5.0 LPA",Public source-cited HR/careers-context contact. Confirm with company before applying.
Annora Pharma Pvt. Ltd.,hr@annorapharma.com,https://www.instagram.com/reel/DXvK669Iaeq/?hl=en,9121185330 - https://www.instagram.com/reel/DXvK669Iaeq/?hl=en,"Walk-in interview on 16 August 2026 for Formulation OSD Unit across Production, QA, QC, Packing, and Engineering departments (Source: https://www.instagram.com/reel/DZSc9QuP-Dc/)",Not publicly stated,Public source-cited HR/careers-context contact. Confirm with company before applying.
Anuh Pharma Ltd.,nilesh@anuhpharma.com,https://pharmastuff.org/job/anuh-pharma-regulatory-affairs-officer,"9867112309, 7507403418 - https://pharmastuff.org/job/anuh-pharma-regulatory-affairs-officer",Not verified,Freshers; Salary: As per industry standards,Public source-cited HR/careers-context contact. Confirm with company before applying.
Apex Laboratories Pvt. Ltd.,srinivasan.hr@apexlab.com,https://pharmabharat.com/apex-laboratories-is-hiring-freshers-for-production-qa-and-qc-roles/,7373296905 / 9597168805 (https://pharmabharat.com/apex-laboratories-is-hiring-freshers-for-production-qa-and-qc-roles/),Not verified,Experience: Freshers; Salary: ₹1.8 LPA – ₹3.0 LPA (https://pharmabharat.com/apex-laboratories-is-hiring-freshers-for-production-qa-and-qc-roles/),Public source-cited HR/careers-context contact. Confirm with company before applying.
Apothecon Pharmaceuticals Pvt. Ltd.,hrd@apotheconpharma.com,https://www.pharmatutor.org/content/november-2025/hiring-for-osd-manufacturing-qc-adl-at-apothecon-pharmaceuticals,Not publicly verified,Not verified,Not publicly stated,Public source-cited HR/careers-context contact. Confirm with company before applying.
Arlak Life Science Pvt. Ltd.,hrarlakbiotech@gmail.com,https://www.facebook.com/ayurvedaarlak/posts/were-hiringpcd-sales-managerqualifications-proven-sales-experience-team-manageme/1109192197918240/,+91-7087571536 (https://www.facebook.com/ayurvedaarlak/posts/were-hiringpcd-sales-managerqualifications-proven-sales-experience-team-manageme/1109192197918240/),Not verified,Not publicly stated,Public source-cited HR/careers-context contact. Confirm with company before applying.
Aspiro Pharma Ltd.,careers@aspiropharma.com,https://www.aspiropharma.com/careers.php,Not verified,Not verified,Not publicly stated,Public source-cited HR/careers-context contact. Confirm with company before applying.
AstraZeneca Pharma India Ltd.,myhr.india@astrazeneca.com,https://www.astrazeneca.in/contact-us.html,Not verified,Not verified,Not publicly stated,Public source-cited HR/careers-context contact. Confirm with company before applying.
Aura Lifecare Pvt. Ltd.,hr1@auralifecare.com,https://pharmastuff.org/job/aura-lifecare-quality-control-officer,Not publicly verified,Not verified,"B.Sc., M.Sc., B.Pharm, or M.Pharm with 2+ years of experience; estimated salary ₹3.5–5.8 LPA (Source: https://pharmastuff.org/job/aura-lifecare-quality-control-officer)",Public source-cited HR/careers-context contact. Confirm with company before applying.
Aura Lifecare Pvt. Ltd.,hr@auralifecare.com,https://pharmastuff.org/job/aura-lifecare-quality-control-officer,Not publicly verified,Not verified,"B.Sc., M.Sc., B.Pharm, or M.Pharm with 2+ years of experience; estimated salary ₹3.5–5.8 LPA (Source: https://pharmastuff.org/job/aura-lifecare-quality-control-officer)",Public source-cited HR/careers-context contact. Confirm with company before applying.
Aurobindo Pharma Ltd.,hr@aurobindo.com,https://company.naukri.com/aurobindo-pharma-jobs/contact-us.html,Not publicly verified,Not verified,"Experience: 2 to 8 years; Qualification: B.Sc, M.Sc, B.Pharm, M.Pharm, Diploma; Salary/CTC: Not publicly stated",Public source-cited HR/careers-context contact. Confirm with company before applying.
Avik Pharmaceuticals Ltd.,avikpharma@avikpharma.com,https://avikpharma.com/contact-us/,+91 7304073072 (https://avikpharma.com/contact-us/),Not verified,Not publicly stated,Public source-cited HR/careers-context contact. Confirm with company before applying.
Bal Pharma Ltd.,hr@balpharma.com,https://www.balpharma.com/career,Not publicly verified,Not verified,Not publicly stated,Public source-cited HR/careers-context contact. Confirm with company before applying.
Balaji Amines Ltd.,hr@balajiamines.com,https://www.balajiamines.com/careers.php,Not publicly verified,Not verified,Panel Operator - Production: 2 to 4 years; Field Operator: 0-2 years; Safety Officer: 1-3 years; Environment Officer: 0-5 years. Salary: Not publicly stated.,Public source-cited HR/careers-context contact. Confirm with company before applying.
Bec Chemicals Pvt. Ltd.,teamhr@becchemicals.com,https://in.linkedin.com/company/bec-chemicals,Not publicly verified,Not verified,Not publicly stated,Public source-cited HR/careers-context contact. Confirm with company before applying.
Bengal Chemicals & Pharmaceuticals Ltd.,tapas.banerjee@bengalchemicals.co.in,https://bengalchemicals.co.in/contact/,+91(033)-2237-1525 / 1526 (https://bengalchemicals.co.in/contact/),Not verified,Not publicly stated,Public source-cited HR/careers-context contact. Confirm with company before applying.
Bharat Parenterals Ltd.,hr@bplindia.in,https://www.bplindia.in/lifebpl.html,Not publicly verified,"Walk-in interview on August 17th and 18th, 2026 (10:00 AM to 4:00 PM) at Bharat Parenterals Limited, Vadodara, Gujarat, featuring QA (IPQA: 1-3 years experience for B.Pharm/M.Pharm), Tablet & Capsules OSD Production (Trainee Executive: 1-6 years; Beta Lactam Junior Officer: 0-3 years), QC, Engineering, and Regulatory Affairs roles.","Experience: 0 to 12 years (specifically 1-3 years for QA/IPQA, 0-3 years for Tablet & Capsules OSD, 1-6 years for Trainee Executive Tablet & Capsules); Qualifications: B.Pharm, M.Pharm, B.Sc, M.Sc, Diploma, ITI, B.E., B.Com, MBA; Salary/CTC: Not publicly stated.",Public source-cited HR/careers-context contact. Confirm with company before applying.
Bharat Parenterals Ltd.,recruitment@bplindia.in,https://www.bplindia.in/lifebpl.html,Not publicly verified,"Walk-in interview on August 17th and 18th, 2026 (10:00 AM to 4:00 PM) at Bharat Parenterals Limited, Vadodara, Gujarat, featuring QA (IPQA: 1-3 years experience for B.Pharm/M.Pharm), Tablet & Capsules OSD Production (Trainee Executive: 1-6 years; Beta Lactam Junior Officer: 0-3 years), QC, Engineering, and Regulatory Affairs roles.","Experience: 0 to 12 years (specifically 1-3 years for QA/IPQA, 0-3 years for Tablet & Capsules OSD, 1-6 years for Trainee Executive Tablet & Capsules); Qualifications: B.Pharm, M.Pharm, B.Sc, M.Sc, Diploma, ITI, B.E., B.Com, MBA; Salary/CTC: Not publicly stated.",Public source-cited HR/careers-context contact. Confirm with company before applying.
Bharat Serums and Vaccines Ltd.,careers@bsvgroup.com,https://www.linkedin.com/posts/bharat-serums-%26-vaccines-limited_bsv-pharmacareers-recruitment-activity-7335600237610217472-QjAr,+91-22-4504 3456 (https://bsvgroup.com/contact-us/),Not verified,Not publicly stated,Public source-cited HR/careers-context contact. Confirm with company before applying.
Biological E Ltd.,careers@biologicale.com,https://www.biologicale.com/careers.html,Not publicly verified,Not verified,Not publicly stated,Public source-cited HR/careers-context contact. Confirm with company before applying.
Biophar Lifesciences Pvt. Ltd.,hrbiophar34@gmail.com,https://www.biopharlifesciences.co.in/career,Not publicly verified,Not verified,Not publicly stated,Public source-cited HR/careers-context contact. Confirm with company before applying.
Bliss GVS Pharma Ltd.,hr1500@blissgvs.com,https://in.linkedin.com/posts/rutuja-sankhe-9961a2179_interested-candidates-may-share-their-profiles-activity-6909012994119077889-axOc,+91 (22) 2856 3930 - https://blissgvs.com/contact-us,Not verified,Not publicly stated,Public source-cited HR/careers-context contact. Confirm with company before applying.
Brawn Laboratories Ltd.,talentacq@brawnlabs.in,https://pharmastuff.org/job/brawn-laboratories-dra-officer-recruitment-for-bpharm-mpharm,+91 8130266355 (https://pharmastuff.org/job/brawn-laboratories-dra-officer-recruitment-for-bpharm-mpharm),Not verified,Not publicly stated,Public source-cited HR/careers-context contact. Confirm with company before applying.
Cactus Communications (Cactus Life Sciences / Cactus Healthcare),ta@cactusglobal.com,https://cactusglobal.com/careers/,Not publicly verified,Not verified,Not publicly stated,Public source-cited HR/careers-context contact. Confirm with company before applying.
Cadila Pharmaceuticals Ltd.,sanjay.makwana@cadilapharma.com,https://pharmabharat.org/cadila-pharmaceuticals-hiring-for-quality-assurance/,Not publicly verified,"Virtual Drive for Quality Assurance (IPQA, Market Complaint, TTD, Process Validation, CSV-IT) on August 18, 2026",B.Pharm / M.Pharm / M.Sc / MCA with 1–12 years formulation experience; Salary: Not publicly stated,Public source-cited HR/careers-context contact. Confirm with company before applying.
Caplin Point Laboratories Ltd.,careers@caplinpoint.net,https://www.linkedin.com/posts/caplin-point-laboratories-ltd_hiring-hiringnow-pharma-activity-6986654819776167936-gMN0,Not verified,Not verified,Not publicly stated,Public source-cited HR/careers-context contact. Confirm with company before applying.
Celon Laboratories Pvt. Ltd.,career@celonlabs.com,https://celonlabs.com/careers/,Not publicly verified,"Production – OSD (Oral Solid Dosage), Production – Injectables, Visual Inspection, Packing on August 16, 2026",Experience: 3 to 15 Years; Salary: Best in the Industry,Public source-cited HR/careers-context contact. Confirm with company before applying.
Centaur Pharmaceuticals Pvt. Ltd.,recruitment@centaurlab.com,https://www.centaurpharma.com/careers/,+91 22 – 66499100 (https://www.centaurpharma.com/contact-us/),Not verified,"Experience: 1 to 8+ years depending on role (Research Associate 1-5 years, Regulatory Affairs 2-8+ years, Product Manager 2-4 years); Salary: Not publicly stated",Public source-cited HR/careers-context contact. Confirm with company before applying.
Centurion Laboratories Pvt. Ltd.,hr@centurionlaboratories.com,https://pharmastuff.org/job/centurion-laboratories-regulatory-affairs,9925531580 (https://pharmastuff.org/job/centurion-laboratories-regulatory-affairs),Not verified,"Regulatory Affairs: 2 to 5 years experience, 300,000 INR / Year salary; Production Officer: 0 to 3 years experience.",Public source-cited HR/careers-context contact. Confirm with company before applying.
Cipla Ltd.,ta.hr@cipla.com,https://www.linkedin.com/posts/cipla_were-hiring-heres-your-opportunity-to-activity-7267152411276791810-cLaS,Not publicly verified,"Not verified for August 16–29, 2026 window in Gujarat (ongoing recruitment active on careers.cipla.com)","Qualification: B.Pharm, M.Pharm, M.Sc, B.E./B.Tech; Experience: 1–5 years; Salary/CTC: Not publicly stated",Public source-cited HR/careers-context contact. Confirm with company before applying.
Ciron Drugs & Pharmaceuticals Pvt. Ltd.,hrd@cironpharma.com,https://pharmawisdom.co.in/ciron-drugs-walk-in-on-16th-aug-2026/,8010319276 (Source: https://pharmawisdom.co.in/ciron-drugs-walk-in-on-16th-aug-2026/),"Walk-in interview drive held on August 16, 2026 at the Boisar Injectable Plant (Tarapur) for roles including Production (Asst. Manager Injection, Officer QMS, Operator LYO, Packing, Ampoule/Vial Filling, Manufacturing), Quality Assurance (Asst. Manager IPQA, Executive Specification Reviewer, Stability Reviewer, Asst. Manager QMS), Quality Control, Engineering, Microbiology, Warehouse, and EHS.","Experience levels explicitly stated (e.g., Freshers to 4 years for officers, 2–5 years for operators, 8–10 years and 10+ years for assistant managers and managers); salary compensation details not publicly stated.",Public source-cited HR/careers-context contact. Confirm with company before applying.
Concord Biotech Ltd.,careerfdf@concordbiotech.com,https://pharmastuff.org/job/concord-biotech-production-qc-engineering-recruitment,+91 2714 671222 (https://concordbiotech.com/contact-us/),"Production (Assistant Manager, Sr. Executive, Executive, Supervisor, Officer, Granulation/Coating Operator) and Quality Control (HPLC Analyst, Dissolution & Chemical Analyst, QC Reviewer) walk-in interview on 18th August 2026 at Unit-II, Valthera, Dholka, Ahmedabad.","2–10 years experience; CTC stated as 350,000 INR/year on job posting (role-dependent).",Public source-cited HR/careers-context contact. Confirm with company before applying.
Concord Biotech Ltd.,hrfdf@concordbiotech.com,https://pharmastuff.org/job/concord-biotech-production-qc-engineering-recruitment,+91 2714 671222 (https://concordbiotech.com/contact-us/),"Production (Assistant Manager, Sr. Executive, Executive, Supervisor, Officer, Granulation/Coating Operator) and Quality Control (HPLC Analyst, Dissolution & Chemical Analyst, QC Reviewer) walk-in interview on 18th August 2026 at Unit-II, Valthera, Dholka, Ahmedabad.","2–10 years experience; CTC stated as 350,000 INR/year on job posting (role-dependent).",Public source-cited HR/careers-context contact. Confirm with company before applying.
Corel Pharma Chem,hr@corelpharmachem.com,https://www.linkedin.com/posts/corel-pharma-chem-b4761b2a3_hiring-activity-7204458093668139008-3lSr,+91-8000880011 (Official website: https://www.corelpharmachem.com/contact-us/),Not verified,Not publicly stated,Public source-cited HR/careers-context contact. Confirm with company before applying.
Corona Remedies Pvt. Ltd.,sagart@coronaremedies.com,https://www.linkedin.com/posts/sagar-thakkar-3ba1033a_join-our-team-at-corona-remedies-private-activity-7269645354088738816-aGac,Not publicly verified,Not verified,Not publicly stated,Public source-cited HR/careers-context contact. Confirm with company before applying.
Covalent Laboratories Pvt. Ltd.,ta@covalentlab.com,https://www.covalentlab.com/careers.php,Not verified,Not verified,"Eligibility: 0 to 7 years depending on role (e.g., Production Chemist / Senior Chemist: 1–7 Years; QC Chemist: 0–5 Years; R&D Executive: 2–4 Years; ETP & Bio-ETP: 2–5 Years; Water Treatment Plant In-Charge: 5–8 Years; Production Trainee Chemist: Freshers / 0–1 Year). Salary/CTC: Not publicly stated.",Public source-cited HR/careers-context contact. Confirm with company before applying.
Cureveda,sukanya@cureveda.com,https://in.linkedin.com/in/sukanya-thakre,Not publicly verified,Not verified,Not publicly stated,Public source-cited HR/careers-context contact. Confirm with company before applying.
Dabur India Ltd.,deepika.e@dabur.com,https://www.linkedin.com/posts/deepika-e-16b82a171_greetings-from-dabur-india-ltd-we-are-hiring-activity-7150718705293754369-CWmm,Not verified,Not verified,Not publicly stated,Public source-cited HR/careers-context contact. Confirm with company before applying.
Dano Vaccines & Biologicals Pvt. Ltd.,hr@danovaccines.com,https://in.linkedin.com/company/danovac,+91 92814 43266 (https://www.danovaccines.com/careers/),Not verified,Not publicly stated,Public source-cited HR/careers-context contact. Confirm with company before applying.
Deccan Fine Chemicals,careers@deccanchemicals.com,https://www.deccanchemicals.com/media-careers/careers/,+91 40 43459999 (https://www.deccanchemicals.com/media-careers/careers/),"Production Chemist and Utility/Mechanical Engineer walk-in interview on August 23, 2026","0-12 years experience for Production Chemist, 3-12 years experience for Utility/Mechanical Engineer; Salary: Not publicly stated",Public source-cited HR/careers-context contact. Confirm with company before applying.
Deepak Nitrite Ltd.,hr@godeepak.com,https://www.godeepak.com/contact-us/,+91 265 276 5200 (https://www.godeepak.com/contact-us/),Not verified,Not publicly stated,Public source-cited HR/careers-context contact. Confirm with company before applying.
Disha Pharma (Disha Pharmaceuticals),dishapharma08@gmail.com,https://www.dishapharma.in/contact,"0755 4225757, https://www.dishapharma.in/contact",Not verified,Not publicly stated,Public source-cited HR/careers-context contact. Confirm with company before applying.
Divi's Laboratories Ltd.,careers@divislabs.com,https://www.divislabs.com/api-manufacturing-company/employees/,"+91 (40) 6696 6300, https://www.divislabs.com/contact/",Not verified,Not publicly stated,Public source-cited HR/careers-context contact. Confirm with company before applying.
Dr. Reddy's Laboratories Ltd.,springboard@drreddys.com,https://careers.drreddys.com/,Not verified,"Quality Assurance (QA) and Technical Operations/Production walk-in hiring drive held on August 16, 2026 at Leadership Academy, Bachupally, Hyderabad",3-10 years experience; Salary/CTC not publicly stated,Public source-cited HR/careers-context contact. Confirm with company before applying.
East India Pharmaceutical Works Ltd.,careers@eastindiapharma.org,https://eastindiapharma.org/careers/,Not publicly verified,Not verified,Not publicly stated,Public source-cited HR/careers-context contact. Confirm with company before applying.
Elbrit Life Sciences Pvt. Ltd.,adhilekshmi.hr@elbrit.org,https://www.elbrit.org/job/senior-graphic-designer/,Not publicly verified,Not verified,"Regional Business Manager: 4-6 years experience, ₹7-12 Lakhs PA; Business Executive / Medical Representative: From ₹300,000 per year (Source: Glassdoor and company job listings)",Public source-cited HR/careers-context contact. Confirm with company before applying.
Elcomponics,career@elcomponics.com,https://www.elcomponics.com/contact.html,+91-120-4743300 (https://www.elcomponics.com/contact.html),Not verified,Not publicly stated,Public source-cited HR/careers-context contact. Confirm with company before applying.
Elder Pharmaceuticals Ltd.,hr@elderpharma.com,https://www.instagram.com/elderlabs/p/Db7k3cfEn9R/,+91 9230645272 | 9317048616 (https://www.instagram.com/elderlabs/p/Db7k3cfEn9R/),Not verified,"TSO (0–6 Months Experience), ASM (2–3 Years Experience); Salary: ₹12,000 – ₹25,000 + TA/DA",Public source-cited HR/careers-context contact. Confirm with company before applying.
Enaltec Labs Pvt. Ltd.,hr.indore@enaltec.com,https://pharmajobsinfo.com/enaltec-labs-pvt-ltd-vacancy/,Not publicly verified,Not verified,Not publicly stated,Public source-cited HR/careers-context contact. Confirm with company before applying.
Endoc Lifecare,hrd@endocpharma.com,https://pharmajobspost.in/endoc-lifecare-pvt-ltd-announces-hiring-for-qa-qc-officer-executive-positions-apply-now/,+91 98750 91526 (https://pharmajobspost.in/endoc-lifecare-pvt-ltd-announces-hiring-for-qa-qc-officer-executive-positions-apply-now/),Not verified,Experience: 3–6 Years; Salary: Not publicly stated,Public source-cited HR/careers-context contact. Confirm with company before applying.
Eon Meditech Pvt. Ltd.,hrd@eonmeditech.com,https://eonmeditech.com/career,+91 0261 249 4330 (https://eonmeditech.com/career),Not verified,Not publicly stated,Public source-cited HR/careers-context contact. Confirm with company before applying.
Eris Lifesciences Ltd.,hr.communication@erislifesciences.com,https://eris.co.in/contact-us/,+91-79-69661000 (https://eris.co.in/contact-us/),Not verified,Not publicly stated,Public source-cited HR/careers-context contact. Confirm with company before applying.
Eugia Pharma Specialities Ltd.,eugiacareers@eugiapharma.com,https://www.eugiapharma.com/contact,Not publicly verified,Not verified,Not publicly stated,Public source-cited HR/careers-context contact. Confirm with company before applying.
Exemed Pharmaceuticals Pvt. Ltd.,recruitment@exemedpharma.com,https://www.exemedpharma.com/home/contact-us,Not publicly verified,Not verified,Not publicly stated,Public source-cited HR/careers-context contact. Confirm with company before applying.
Famy Care Ltd.,hr@famycare.com,https://pharmatimesofficial.com/project/email-ids-of-hr-representatives-in-pharma-organizations/,Not publicly verified,Not verified,Not publicly stated,Public source-cited HR/careers-context contact. Confirm with company before applying.
Farbe Firma,hr@farbefirma.com,https://farbefirma.com/careers/,+91 9998088767 (https://www.farbefirma.org/contact),"Production and QA roles with application deadline August 20, 2026 (Source: https://www.instagram.com/p/DSHiQ21gpB8/)",Not publicly stated,Public source-cited HR/careers-context contact. Confirm with company before applying.
Farmson Basic Drugs Pvt. Ltd.,recruitment@farmson.com,https://in.linkedin.com/company/farmson-basic-drugs-private-limited,+91 7227060620 - https://in.linkedin.com/company/farmson-basic-drugs-private-limited,Not verified,Not publicly stated,Public source-cited HR/careers-context contact. Confirm with company before applying.
FDC Ltd.,sushil.kumar@fdcindia.com,https://pharmanika.com/pharma-freshers-job-fdc-limited-careers-2026/,9736880100 (https://pharmanika.com/pharma-freshers-job-fdc-limited-careers-2026/),Not verified,"Trainee Apprentice (Fresher): Stipend ₹15,000/- per month; experienced roles (1–10 years experience for Production, QC, and QA): Salary not publicly stated (eligibility: B.Pharm, M.Pharm, M.Sc Chemistry, 12th + ITI)",Public source-cited HR/careers-context contact. Confirm with company before applying.
Finecure Pharmaceuticals Ltd.,career@finecurepharma.com,https://www.finecurepharma.com/join-our-team/,+91 79-49030903 (https://www.finecurepharma.com/contact-us/),Not verified,2–6 years experience required for production/manufacturing roles; Salary/CTC: Not publicly stated,Public source-cited HR/careers-context contact. Confirm with company before applying.
Flemingo Pharma Pvt. Ltd. (Flamingo Pharmaceuticals Ltd.),hr@flamingopharma.com,https://pharmabharat.com/flamingo-pharmaceuticals-hiring-for-row-regulatory-affairs/,+91-22-33107500 (https://flamingopharma.com/contact-us/),Not verified,Experience: 0–1 Year; Salary: ₹3.2 – ₹4.5 LPA (Estimated) (Source: https://pharmabharat.com/regulatory-affairs-trainees-at-flamingo-pharmaceuticals-freshers/),Public source-cited HR/careers-context contact. Confirm with company before applying.
Fresenius Kabi India Pvt. Ltd.,careers@fresenius-kabi.com,https://www.fresenius-kabi.com/us/careers,+91 124 4885000 (https://www.fresenius-kabi-oncology.com/contact),Not verified,Not publicly stated,Public source-cited HR/careers-context contact. Confirm with company before applying.
Galentic Pharma (India) Pvt. Ltd.,careers@galentic.com,https://galentic.com/careers/,+91 22 6904 2400 (https://galentic.com/careers/),Not verified,Not publicly stated,Public source-cited HR/careers-context contact. Confirm with company before applying.
Galpha Laboratories Ltd.,hrmumbai@galpha.com,https://www.galpha.com/careers.html,"+91-22-2654-4999 / 3040-0999, https://www.galpha.com/careers.html",Not verified,Not publicly stated,Public source-cited HR/careers-context contact. Confirm with company before applying.
Gangan Pharmaceuticals,gaganpharma03@gmail.com,https://gaganpharmaceuticals.com/contact-us/,+91-7230890003 (https://gaganpharmaceuticals.com/contact-us/),Not verified,Not publicly stated,Public source-cited HR/careers-context contact. Confirm with company before applying.
Geltec Pvt. Ltd.,srinivas.hr@geltec.in,https://ichapps.com/job/walk-in-drive-at-geltec-pvt-ltd-bangalore,080-67478484 (https://ichapps.com/job/walk-in-drive-at-geltec-pvt-ltd-bangalore),Not verified,Not publicly stated,Public source-cited HR/careers-context contact. Confirm with company before applying.
Gennova Biopharmaceuticals Ltd.,vishal.karad@gennova.bio,https://www.linkedin.com/posts/vishalkarad_gennovabio-mail-your-cv-application-at-activity-7383400119838109696-J2Nv,Not publicly verified,Not verified,Not publicly stated,Public source-cited HR/careers-context contact. Confirm with company before applying.
Genom Biotech Pvt. Ltd.,recruitment@genompharmacopoeia.com,https://genomworlds.com/career.php,+91-9022212220 (https://genomworlds.com/concatus.php),Not verified,Not publicly stated,Public source-cited HR/careers-context contact. Confirm with company before applying.
Gland Pharma Ltd.,gland@glandpharma.com,https://glandpharma.com/contact-us,+91-40-30510999 (https://glandpharma.com/contact-us),Not verified,Not publicly stated,Public source-cited HR/careers-context contact. Confirm with company before applying.
Gland Pharma Ltd.,hr.vizag@glandpharma.com,https://glandpharma.com/contact-us,+91-40-30510999 (https://glandpharma.com/contact-us),Not verified,Not publicly stated,Public source-cited HR/careers-context contact. Confirm with company before applying.
Glenmark Pharmaceuticals Ltd.,indore.recruitment@glenmarkpharma.com,https://www.linkedin.com/posts/pratik-s-ankalekar-8862b298_hiring-usfda-indore-activity-7474010179743801344-kWMd,Not verified,Not verified,Not publicly stated,Public source-cited HR/careers-context contact. Confirm with company before applying.
Glocal Healthcare Systems Private Limited,hr-ops@ghspl.com,https://ghspl.com/contact,+91 3346000450 (https://ghspl.com/contact),Not verified,Not publicly stated,Public source-cited HR/careers-context contact. Confirm with company before applying.
Gopaldas Visram & Company Limited,hr@gopaldasvisram.org,https://in.linkedin.com/company/gopaldas-visram-co,Not publicly verified,Not verified,Not publicly stated,Public source-cited HR/careers-context contact. Confirm with company before applying.
GSP Crop Science Pvt. Ltd.,recruitment@gspcrop.in,https://www.gspcrop.in/about/careers,Not publicly verified,Not verified,Not publicly stated,Public source-cited HR/careers-context contact. Confirm with company before applying.
Gufic Biosciences Ltd.,recruitment.indore@guficbio.com,https://pharmabharat.com/gufic-biosciences-is-hiring-for-officer-senior-officer-qc-microbiology/,Not verified,"Officer / Senior Officer – QC (Microbiology) walk-in interview on August 22, 2026 at Gufic Biosciences Limited, Plot No. 48, Smart Industrial Park, Natrip, Pithampur, Dhar, Madhya Pradesh",Experience: 2–6 years; Salary: Not publicly stated,Public source-cited HR/careers-context contact. Confirm with company before applying.
Gujarat Themis Biosyn Ltd.,hrm@gtbl.in.net,https://nsearchives.nseindia.com/corporate/GUJARATTHEMIS_26052026184426_NewspaperResultsGTBL31032026.pdf,Not publicly verified,Not verified,Not publicly stated,Public source-cited HR/careers-context contact. Confirm with company before applying.
Harman Finochem Ltd.,careers@harmanfinochem.com,https://harmanfinochem.com/careers/,+91 22 26528080 (https://harmanfinochem.com/get-in-touch/),Not verified,Not publicly stated,Public source-cited HR/careers-context contact. Confirm with company before applying.
HealthBiotech Ltd.,hrm@healthbiotech.in,https://healthbiotech.in/careers/,+91 987 688 2973 (https://healthbiotech.in/careers/),Not verified,Not publicly stated,Public source-cited HR/careers-context contact. Confirm with company before applying.
Hema Laboratories Pvt. Ltd.,hr@hemalaboratories.com,https://hemalaboratories.com/careers.php,+91 9640440365 (https://hemalaboratories.com/contact.php),Not verified,Not publicly stated,Public source-cited HR/careers-context contact. Confirm with company before applying.
Hetero Drugs Ltd.,talent@hetero.com,https://www.hetero.com/life-at-hetero,Not verified,Not verified,Not publicly stated,Public source-cited HR/careers-context contact. Confirm with company before applying.
Hetero Healthcare Ltd.,hr@heterohealthcare.com,https://www.heterohealthcare.com/help,Not publicly verified,Not verified,Not publicly stated,Public source-cited HR/careers-context contact. Confirm with company before applying.
Hikal Ltd.,hr@hikal.com,https://www.hikal.com/page/visit-us,Not verified,Officer Production walk-in / job posting on 17–19 August 2026,"1–5 Yrs, 1–5.5 Lacs PA",Public source-cited HR/careers-context contact. Confirm with company before applying.
Hindustan Unilever Ltd. (Health & Wellbeing),hul.recruitment@unilever.com,https://www.unilevernotices.com/recruitment-notices/india-english.html,Not publicly verified,Not verified,Not publicly stated,Public source-cited HR/careers-context contact. Confirm with company before applying.
Hiral Labs Ltd.,hr@hirallabs.com,https://hirallabs.com/contact.php,+91 9634949248 (https://hirallabs.com/contact.php),Not verified,Not publicly stated,Public source-cited HR/careers-context contact. Confirm with company before applying.
HLL Lifecare Ltd.,career@lifecarehll.com,https://www.lifecarehll.com/career,+91-471 2354949 (https://www.lifecarehll.com/contact),Not verified,Not publicly stated,Public source-cited HR/careers-context contact. Confirm with company before applying.
HOF Pharmaceuticals Ltd.,hr@hofpharma.com,https://hofpharma.com/career/,+91 6353534507 (https://in.linkedin.com/company/hof-pharma-ltd),Not verified,Not publicly stated,Public source-cited HR/careers-context contact. Confirm with company before applying.
HOF Pharmaceuticals Ltd. (HOF Pharma),recruitment@hofpharma.com,https://pharmajobspost.in/hof-pharma-recruitment-2026-ipqa-officer-executive-engineering-manager-jobs-in-ahmedabad/,Not publicly verified,"IPQA Officer / Executive vacancy published on August 14, 2026 for Sanand, Ahmedabad, Gujarat facility",B.Pharm / M.Pharm with 1–4 years of relevant IPQA/Quality Assurance experience; Salary: Not publicly stated,Public source-cited HR/careers-context contact. Confirm with company before applying.
Ichor Biologics Pvt. Ltd.,resumes@ichor.in,https://ichor.in/career/,Not publicly verified,Not verified,Not publicly stated,Public source-cited HR/careers-context contact. Confirm with company before applying.
Ikon Remedies Pvt. Ltd.,hr@ikonremedies.com,https://ikonremedies.com/contact-us/,+91 84848 60669 / +91 89564 61426 (https://ikonremedies.com/contact-us/),Not verified,Not publicly stated,Public source-cited HR/careers-context contact. Confirm with company before applying.
Ind-Swift Laboratories Ltd.,hr.ho@indswiftlabs.com,https://www.indswiftgroup.com/contact-us/,+91-7087978441 (https://www.indswiftgroup.com/contact-us/),Not verified,Not publicly stated,Public source-cited HR/careers-context contact. Confirm with company before applying.
Indian Immunologicals Ltd.,careers@indimmune.com,https://www.indimmune.com/careers/job-opportunities/,Not publicly verified,Not verified,Not publicly stated,Public source-cited HR/careers-context contact. Confirm with company before applying.
Indoco Remedies Ltd.,career@indoco.com,https://www.indoco.com/hr-careers.asp,08326624209 / 7391054322 - https://www.indoco.com/hr-recruitments-Goa-II.asp,Not verified,Not publicly stated,Public source-cited HR/careers-context contact. Confirm with company before applying.
Indoco Remedies Ltd.,hrd2@indoco.com,https://www.indoco.com/hr-careers.asp,08326624209 / 7391054322 - https://www.indoco.com/hr-recruitments-Goa-II.asp,Not verified,Not publicly stated,Public source-cited HR/careers-context contact. Confirm with company before applying.
Intas Pharmaceuticals Ltd.,hrd_matoda@intaspharma.com,https://www.intaspharma.com/careers/,Not publicly verified,"Walk-In Drive on August 23, 2026 for OSD Manufacturing, OSD Packing, QA IPQA, QC, and Engineering at Intas Pharmez, Ahmedabad, Gujarat (Source: https://pharmabharat.com/intas-pharma-is-hiring-for-manufacturing-packing-qa-qc-and-engineering/)","Qualification: M.Sc., M.Pharm., B.Pharm., Diploma, ITI, B.E., B.Tech., M.E., M.Tech.; Experience: 1 to 10 years; Salary/CTC: Not publicly stated",Public source-cited HR/careers-context contact. Confirm with company before applying.
Ipca Laboratories Ltd.,hrd.mumbai@ipca.com,https://www.ipca.com/job-opportunities-in-pharmaceutical-companies/,Not verified,"Walk-in interview on 16 August 2026 for Production, Pilot Plant, Engineering & QC (Apprentice/Trainee/Chemist/Technician/Officer/Sr. Officer); Walk-in interview on 23 August 2026 for Bio-manufacturing roles in QA (5-9 yrs), QC (5-9 yrs), Drug Substance & Product Manufacturing, Engineering & Maintenance, and Mammalian Pilot; QA QMS opening (1-3 yrs, B.Pharm/M.Pharm) with application deadline 20 August 2026.","Experience: 0 to 12 years (specifically 1-3 years for QA QMS, 2-6 years for Aseptic Technicians, 2-12 years for Engineering & Maintenance, and 5-9 years for QA/QC Bio-manufacturing). Salary/CTC: Not publicly stated.",Public source-cited HR/careers-context contact. Confirm with company before applying.
J B Chemicals & Pharmaceuticals Ltd.,careers@jbpharma.com,https://jbpharma.com/contact-us/,Not verified,Not verified,Not publicly stated,Public source-cited HR/careers-context contact. Confirm with company before applying.
Jagsonpal Pharmaceuticals Ltd.,ashish.thakur@jagsonpal.com,https://in.linkedin.com/jobs/view/manager-sr-manager-%E2%80%93-medical-services-medical-affairs-medico-marketing-at-jagsonpal-pharmaceuticals-ltd-4147110630,+919821206646 (https://in.linkedin.com/jobs/view/manager-sr-manager-%E2%80%93-medical-services-medical-affairs-medico-marketing-at-jagsonpal-pharmaceuticals-ltd-4147110630),Not verified,Not publicly stated,Public source-cited HR/careers-context contact. Confirm with company before applying.
Jamkas Pharmaceuticals Pvt. Ltd.,hr@jamkaspharma.com,https://pharmajobspost.in/jamkas-pharmaceuticals-recruitment-2026-multiple-job-openings/,"+91 70185 78894, +91 95419 13465 - https://pharmajobspost.in/jamkas-pharmaceuticals-recruitment-2026-multiple-job-openings/",Not verified,"Experience: 1+ years to 6+ years across multiple positions (Wetlab Analyst: 1+ yrs; HPLC Analyst, Officer - Production, IPQA: 3+ yrs; Production QMS: 6+ yrs). Salary/CTC: Not publicly stated.",Public source-cited HR/careers-context contact. Confirm with company before applying.
Jenburkt Pharmaceuticals Ltd.,hr@jenburkt.com,https://www.linkedin.com/posts/jenburkt_jenburktpharmaceuticals-nowhiring-lifesciences-activity-7397857615390781440-BYLR,Not publicly verified,Not verified,Not publicly stated,Public source-cited HR/careers-context contact. Confirm with company before applying.
Jupiter Life Sciences Pvt. Ltd.,jupiterlife@ymail.com,https://www.facebook.com/jupiterlife/,+91 7986052219 (https://www.facebook.com/jupiterlife/),Not verified,Not publicly stated,Public source-cited HR/careers-context contact. Confirm with company before applying.
Kaiser Drugs Pvt. Ltd.,kaiserlko@gmail.com,https://in.linkedin.com/posts/kaiser-drugs-private-limited_we-are-hiring-contact-us-at-91-9554962313-activity-7281939881252020224-3NXk,+91 9554962313 (https://in.linkedin.com/posts/kaiser-drugs-private-limited_we-are-hiring-contact-us-at-91-9554962313-activity-7281939881252020224-3NXk),Not verified,Not publicly stated,Public source-cited HR/careers-context contact. Confirm with company before applying.
Kewal Kiran Clothing Limited,hr@kewalkiran.com,https://www.kewalkiran.com/career.php,"+91 22 6901 4400, https://www.kewalkiran.com/career.php",Not verified,Not publicly stated,Public source-cited HR/careers-context contact. Confirm with company before applying.
Khandelwal Laboratories Pvt. Ltd.,hrd@khandelwallab.com,https://www.sidculindustries.com/khandelwal-laboratories-pvt-ltd-pantnagar-rudrapur/,022 4925 2828 (https://www.khandelwallab.com/contact.html),Not verified,Not publicly stated,Public source-cited HR/careers-context contact. Confirm with company before applying.
Krishlar Remedies,krishlarpharmaceutical@gmail.com,https://www.krishlarpharma.com/contact-us/,Not publicly verified,Not verified,Not publicly stated,Public source-cited HR/careers-context contact. Confirm with company before applying.
Kusum Healthcare Pvt. Ltd. (Kusum Pharm),prashant.singh@kusum.com,https://www.pharmatutor.org/content/june-2026/pharma-and-science-jobs-in-qc-production-store-and-qa-at-kusum-healthcare,+91 9251554109 (https://pharmabharat.com/0-4-years-exp-join-kusum-healthcare-is-hiring-for-production-department/),Not verified,Not publicly stated,Public source-cited HR/careers-context contact. Confirm with company before applying.
Lactose India Ltd.,vinayak@lactoseindialimited.com,https://pharmabharat.com/lactose-india-limited-is-hiring-for-production-fd-jobs/,Not publicly verified,Not verified,"Experience: 0-1 year for QC Microbiology, 3-4 years for R&D/Process Development, and 5-6 years for Production/F&D; Salary: Not publicly stated",Public source-cited HR/careers-context contact. Confirm with company before applying.
Laurus Labs Ltd.,talents@lauruslabs.com,https://www.laurusgenerics.us/careers.html,833-352-8787 (https://www.laurusgenerics.us/careers.html),Not verified,Experience: 2 to 7 years for technical and QA/production roles; Salary/CTC: Not publicly stated,Public source-cited HR/careers-context contact. Confirm with company before applying.
Leeford Healthcare Ltd.,talent@leeford.in,https://www.linkedin.com/posts/adil-arfi-7a7a0311_leeford-at-a-glance-activity-7277188586708316160-9ltj,9875961129 (https://www.linkedin.com/posts/adil-arfi-7a7a0311_leeford-at-a-glance-activity-7277188586708316160-9ltj),Not verified,Not publicly stated,Public source-cited HR/careers-context contact. Confirm with company before applying.
Lifecare Neuro Products Ltd.,hr@lifecareneuro.com,https://pharmajobspost.in/lifecare-neuro-product-ltd-hiring-2026-fd-qa-qc-rm-store-production-jobs-in-baddi/,+91 7018994788 - https://pharmajobspost.in/lifecare-neuro-product-ltd-hiring-2026-fd-qa-qc-rm-store-production-jobs-in-baddi/,Not verified,"Experience: 1–10 years depending on department and role (e.g., 1–2 years for officers/chemists, 3–4 years for senior research associates, 7–10 years for senior executives/operators). Salary: Ranges from 15,000 to 65,000 INR per month, negotiable for deserving candidates.",Public source-cited HR/careers-context contact. Confirm with company before applying.
Lincoln Parenteral Ltd.,hr@lincolnpharma.com,https://www.lincolnpharma.com/careers/,+91-79-41078000 (https://www.lincolnpharma.com/contact/),"QA (Officer / Sr. Officer / Executive) and Production (Officer / Sr. Officer) walk-in interview roles dated August 11–23, 2026 at Khatraj API Plant, Gandhinagar",Experience: 1 to 5 Years; Salary: Not publicly stated,Public source-cited HR/careers-context contact. Confirm with company before applying.
Lupin Ltd.,careers@lupin.com,https://www.lupin.com/contact-us,Not publicly verified,Not verified,"Experience: 1–7 years in QA/Production/OSD; Qualification: B.Pharm, M.Pharm, B.Sc, M.Sc; Salary/CTC: Not publicly stated",Public source-cited HR/careers-context contact. Confirm with company before applying.
Lyka Labs Ltd.,recruit.ank@lykalabs.com,https://pharmastuff.org/job/lyka-labs-walk-in-qc-qa-production,Not publicly verified,"QA, QC & Production (Lyo Operator) vacancy verified for walk-in interview on August 11, 2026 at Ankleshwar, Gujarat (Aug 16–29 window: Not verified)","B.Sc, M.Sc, B.Pharm, M.Pharm, ITI with 1 to 13 years of experience (IPQA Officer: 1–3 years; QC HPLC: 1–5 years; QMS Executive: 1–5 years; Lyo Operator: Freshers); Salary: ₹2.4 LPA – ₹12 LPA",Public source-cited HR/careers-context contact. Confirm with company before applying.
Macleods Pharmaceuticals Ltd.,jobs@macleodspharma.com,https://www.macleodspharma.com/careers/,Not publicly verified,Not verified,Not publicly stated,Public source-cited HR/careers-context contact. Confirm with company before applying.
Makcur Laboratories Ltd.,hr@makcur.com,https://www.makcur.com/career.html,+91 96248 39922 (https://www.makcur.com/career.html),Not verified,Not publicly stated,Public source-cited HR/careers-context contact. Confirm with company before applying.
Malladi Drugs & Pharmaceuticals Ltd.,careers@malladi.co.in,https://www.malladi.com/contact-us,+91 44 6687 6900 (https://www.malladi.com/contact-us),Not verified,"Experience: 2–10 years across QA roles (IPQA: 2–5 Years, AQA: 4–7 Years, Validation: 7–10 Years); Salary: Not publicly stated",Public source-cited HR/careers-context contact. Confirm with company before applying.
Mallisetty Pharmaceuticals India Pvt. Ltd.,hr@mallisettipharma.com,https://mallisettipharma.com/contact-us/,+91 96187 82121 / +91 99497 19543 / +91 90596 82121 (https://mallisettipharma.com/contact-us/),Not verified,Not publicly stated,Public source-cited HR/careers-context contact. Confirm with company before applying.
Mankind Pharma Ltd.,careers@mankindpharma.com,https://www.mankindpharma.com/career/,Not verified,Not verified,Not publicly stated,Public source-cited HR/careers-context contact. Confirm with company before applying.
Marksans Pharma Ltd.,career@marksanspharma.com,https://www.instagram.com/p/Db5eWpGMwbS/,9607909654 / 7030064483 - https://www.instagram.com/p/DWyQhGMl-zj/?hl=en,Not verified,1-8 Years - Not publicly stated,Public source-cited HR/careers-context contact. Confirm with company before applying.
Mediwin Laboratories Pvt. Ltd.,hr1@mediwinpharma.com,https://mediwinpharma.com/career/,+91-8238810025 (https://mediwinpharma.com/career/),Not verified,Not publicly stated,Public source-cited HR/careers-context contact. Confirm with company before applying.
Medley Pharmaceuticals Ltd.,hr@medleylab.com,https://medleylab.com/careers/career.html,+91-22-1234 5678 (https://medleylab.com/careers/career.html),Not verified,Not publicly stated,Public source-cited HR/careers-context contact. Confirm with company before applying.
Medopharm Pvt. Ltd.,jobs@medopharm.com,https://www.medopharm.com/career/,Not publicly verified,Not verified,Not publicly stated,Public source-cited HR/careers-context contact. Confirm with company before applying.
Mepro Pharmaceuticals Pvt. Ltd.,hr@mepro.in,https://www.linkedin.com/posts/ugrejiya-mihir-411789238_wearehiring-hiring-pharmajobs-activity-7492784268939558912-IZ-5,Not publicly verified,"QA – Assistant Manager (Vendor Qualification & Audit) and F&D – Officer posted on August 11, 2026","QA – Assistant Manager: B.Pharm / M.Pharm, Minimum 8 Years experience; F&D – Officer: B.Pharm / M.Pharm, Minimum 3 Years experience. Salary/CTC: Not publicly stated",Public source-cited HR/careers-context contact. Confirm with company before applying.
Meyer Organics Pvt. Ltd.,careers@meyer.co.in,https://meyer.co.in/site3/jobs/,+91 22-2581-7000 (Source: https://meyer.co.in/contact-us.html),Not verified,Not publicly stated,Public source-cited HR/careers-context contact. Confirm with company before applying.
Micro Labs Ltd.,hrrecruit@microlabs.in,https://in.linkedin.com/company/microlabslimited,Not publicly verified,Not verified,Not publicly stated,Public source-cited HR/careers-context contact. Confirm with company before applying.
Milan Laboratories India Pvt. Ltd.,talentpool@milanlabs.com,https://milanlabs.com/careers/,+91 80970 55531 (https://milanlabs.com/careers/),"IPQA & Production Officer (OSD) - Walk-in Interview on 23 August 2026 at Kamothe, Panvel (Source: https://pharmajobalert.in/milan-laboratories-india-pvt-ltd-walk-in-23-08-2026-sunday-for-multiple-positions/)",Not publicly stated,Public source-cited HR/careers-context contact. Confirm with company before applying.
Morepen Laboratories Ltd.,hr.baddi@morepen.com,https://pharmawisdom.co.in/morepen-laboratories-walk-in-on-9th-aug-2026/,Not publicly verified,Not verified,Not publicly stated,Public source-cited HR/careers-context contact. Confirm with company before applying.
Mylan Laboratories Ltd.,careers@mylan.in,https://company.naukri.com/mylan-india-jobs/contact-us.html,+91.40.30866666 + https://company.naukri.com/mylan-india-jobs/contact-us.html,Not verified,Not publicly stated,Public source-cited HR/careers-context contact. Confirm with company before applying.
Natco Pharma Ltd.,seshasthri.tsp@natcopharma.co.in,https://www.linkedin.com/posts/natcopharma_natcopharma-oncologyjobs-pharmacareers-activity-7279766385843433473-CDPl,Not verified,Not verified,Not publicly stated,Public source-cited HR/careers-context contact. Confirm with company before applying.
Nectar Lifesciences Ltd.,hr@neclife.com,https://www.linkedin.com/posts/nectar-life-science_nectar-lifesciences-ltd-i-pharmaceutical-activity-7019293466828390400-GBK6,"+91-1762-532598, +91-6284702108 (Source: https://pharmastuff.org/job/neclife-multiple-departments-hiring)",Not verified,Not publicly stated,Public source-cited HR/careers-context contact. Confirm with company before applying.
Neon Laboratories Ltd.,hr@neongroup.com,https://www.linkedin.com/posts/neon-laboratories_neon-laboratories-limited-is-hiring-for-accounts-activity-7403010711754297344-zJHo,Not publicly verified,Not verified,Not publicly stated,Public source-cited HR/careers-context contact. Confirm with company before applying.
Nitin Lifesciences Ltd.,jobs@nitinlifesciences.com,https://pharmabharat.com/nitin-lifesciences-ltd-hiring-for-quality-control-assurance-and-microbiology/,"7831948425, 6397241351 (https://pharmabharat.com/nitin-lifesciences-ltd-hiring-for-quality-control-assurance-and-microbiology/)",Not verified,Not publicly stated,Public source-cited HR/careers-context contact. Confirm with company before applying.
Norex Flavours Pvt. Ltd.,jobs@norex.in,https://www.facebook.com/norexflavours/posts/were-hiring-join-norex-flavours-private-limited-and-become-part-of-a-team-thats-/1140373448316148/,Not verified,"Quality Assurance Manager (5-8 years experience, Dhanaura, U.P., active until August 27, 2026; Source: https://bebee.com/in/jobs/quality-assurance-manager-norex-flavours-private-limited-dhanaura--talent-628544467580226348)",Experience: 5-8 years; Salary/CTC: Not publicly stated,Public source-cited HR/careers-context contact. Confirm with company before applying.
Oneiro Life Sciences Pvt. Ltd.,recruitment@oneirolifecare.com,https://www.oneirolifecare.com/career.aspx,+91-265-2341648 (https://www.oneirolifecare.com/),Not verified,Not publicly stated,Public source-cited HR/careers-context contact. Confirm with company before applying.
Otsuka Pharmaceutical India Pvt. Ltd.,careers@otsukapharma.in,https://otsukapharma.in/career-opi/,Not publicly verified,"Walk-In Interview on 22nd August 2026 for Quality Assurance and Quality Control at Ahmedabad, Gujarat",Experience: 2 to 6 Years; Qualification: B.Sc. / B.Pharm. / M.Sc. / M.Pharm; Salary/CTC: Not publicly stated,Public source-cited HR/careers-context contact. Confirm with company before applying.
Pace Pharmaceuticals Pvt. Ltd.,hr@pacebiotech.com,https://www.pacebiotech.com/career/,"+91-9896401911, +91-8894789974 (https://www.pacebiotech.com/career/)",Not verified,Not publicly stated,Public source-cited HR/careers-context contact. Confirm with company before applying.
Pacific Pharmaceuticals Ltd.,jobs@pacificpharmaceuticals.com.pk,https://www.linkedin.com/posts/pacific-pharma_jobs-careeropportunity-pharmaceuticals-activity-7314885708110880768-nLjT,"03028440891, https://www.linkedin.com/posts/pacific-pharma_jobs-careeropportunity-pharmaceuticals-activity-7314885708110880768-nLjT",Not verified,Not publicly stated,Public source-cited HR/careers-context contact. Confirm with company before applying.
Palsons Derma Pvt. Ltd.,hr@palsonsderma.com,https://www.linkedin.com/posts/palsonsderma_wearehiring-hiring-contentstrategist-activity-7322234070506049537-HHQ-,Not publicly verified,Not verified,Not publicly stated,Public source-cited HR/careers-context contact. Confirm with company before applying.
Panacea Biotec Ltd.,careers@panaceabiotec.com,https://www.panaceabiotec.com/en/career,"+91-9779422879 (Nitesh Mehta, HR) / +91-8699788830 (Ankit Sharma, HR), https://pharmabharat.com/panacea-biotec-walk-in-interviews-production-qc-qa/",Not verified,Not publicly stated,Public source-cited HR/careers-context contact. Confirm with company before applying.
Panacea Biotec Ltd.,hr@panaceabiotec.com,https://www.panaceabiotec.com/en/career,"+91-9779422879 (Nitesh Mehta, HR) / +91-8699788830 (Ankit Sharma, HR), https://pharmabharat.com/panacea-biotec-walk-in-interviews-production-qc-qa/",Not verified,Not publicly stated,Public source-cited HR/careers-context contact. Confirm with company before applying.
Panacea Biotec Ltd.,niteshmehta@panaceabiotec.com,https://www.panaceabiotec.com/en/career,"+91-9779422879 (Nitesh Mehta, HR) / +91-8699788830 (Ankit Sharma, HR), https://pharmabharat.com/panacea-biotec-walk-in-interviews-production-qc-qa/",Not verified,Not publicly stated,Public source-cited HR/careers-context contact. Confirm with company before applying.
Polymed Medical Devices,career@polymedicure.com,https://www.polymedicure.com/careers/,Not publicly verified,Not verified,Not publicly stated,Public source-cited HR/careers-context contact. Confirm with company before applying.
Prakash Chemicals International Pvt. Ltd.,careers@prakashchemicals.com,https://pciplindia.com/work-with-us/,+91-265-6126000 (https://pciplindia.com/work-with-us/),Not verified,Not publicly stated,Public source-cited HR/careers-context contact. Confirm with company before applying.
RPG Life Sciences Ltd.,recruitments@rpgls.com,https://www.linkedin.com/posts/rpg-life-sciences_hiring-pharmaindustry-rpglifesciences-activity-7420421916425080832-Psy0,+91-22-69757100 (https://www.rpglifesciences.com/website/contact_us.php),Not verified,Not publicly stated,Public source-cited HR/careers-context contact. Confirm with company before applying.
Rusan Pharma Ltd.,hrmumbai@rusanpharma.com,https://www.rusanpharma.com/career.html,Not publicly verified,Not verified,Not publicly stated,Public source-cited HR/careers-context contact. Confirm with company before applying.
S Kant Healthcare Ltd.,career@skant.com,https://skant.com/employee-engagement/,Not publicly verified,Not verified,Not publicly stated,Public source-cited HR/careers-context contact. Confirm with company before applying.
Sai Life Sciences Ltd.,careers@sailife.com,https://sailife.com/careers/,Not publicly verified,Production Professionals / Production Chemist (API) Walk-In Interview on 17 August 2026 at Hyderabad (Source: https://www.instagram.com/p/DXHqtBbkvuX/),Not publicly stated,Public source-cited HR/careers-context contact. Confirm with company before applying.
Sava Healthcare Ltd.,careers@savaglobal.com,https://in.linkedin.com/company/sava-healthcare-limited,+91 20 3051 6100 (Source: SAVA Healthcare official website and careers page),Not verified,Not publicly stated,Public source-cited HR/careers-context contact. Confirm with company before applying.
Sequent Scientific Ltd.,praveen.g@viyash.com,https://pharmajobspost.in/viyash-scientific-limited-hiring-2026-qc-production-qa-warehouse-jobs/,+91 8008684988,Not verified,Not publicly stated,Public source-cited HR/careers-context contact. Confirm with company before applying.
Serum Institute of India Pvt. Ltd.,hr@seruminstitute.com,https://www.seruminstitute.com/contact_us.php,+91-20-26993900,Not verified,Not publicly stated,Public source-cited HR/careers-context contact. Confirm with company before applying.
Shalina Healthcare Pvt. Ltd.,recruitment@shalina.com,https://www.linkedin.com/posts/shalina-healthcare_shalinahealthcare-joinshalinahealthcare-activity-7061362235717074944-7-Kx,Not publicly verified,Not verified,Not publicly stated,Public source-cited HR/careers-context contact. Confirm with company before applying.
Shilpa Medicare Ltd.,hr.bfrnd@shilpamedicare.com,https://pharmastuff.org/job/formulation-development-bpharm-mpharm,+91-9686397127 (https://shilpapharma.com/careers/),Not verified,Not publicly stated,Public source-cited HR/careers-context contact. Confirm with company before applying.
Shree Ganesh Remedies Ltd.,careers@ganeshremedies.com,https://www.ganeshremedies.com/careers,Not publicly verified,Not verified,Not publicly stated,Public source-cited HR/careers-context contact. Confirm with company before applying.
Shreya Life Sciences Pvt. Ltd.,hrd@shreya.co.in,https://www.pharmatutor.org/pharma-jobs/vacancies/mar11/walk-in-sales-vacancies-shreya-lifesciences,022 66938222 / 42220222 / 42220200 (Corporate/HR contact via https://www.shreya.co.in/contacs.html),Not verified,Not publicly stated,Public source-cited HR/careers-context contact. Confirm with company before applying.
Siflon Drugs & Pharmaceuticals Pvt. Ltd.,hr@siflonpharma.com,https://siflonpharma.com/,7799453235 (Source: https://pharmabharat.com/siflon-pharma-is-hiring-freshers-experienced-for-production-rd-jobs/),Production & R&D Walk-In Interview on 16th August 2026 at Siflon Pharma Pvt. Ltd. Unit II (Source: https://www.instagram.com/p/DbvWRC_IZNE/),Not publicly stated,Public source-cited HR/careers-context contact. Confirm with company before applying.
Sigma Laboratories Ltd.,careers@sigmalab.in,https://sigmalab.in/career.html,Not publicly verified,Not verified,Not publicly stated,Public source-cited HR/careers-context contact. Confirm with company before applying.
Sri Krishna Pharmaceuticals Ltd.,jayakishore.gollapalli@srikrishnapharma.com,https://www.srikrishnapharma.com/careers/,+91-40-2720 1101/02 (https://www.srikrishnapharma.com/careers/); WhatsApp: 7093161075 (https://pharmacareer.in/sri-krishna-pharmaceuticals-ltd-walk-in-on-august-18-19-20-and-21-2026/),"Walk-in Interview scheduled for August 18, 19, 20, and 21, 2026 at Sri Krishna Pharmaceuticals Ltd., A-35, IDA Nacharam, Hyderabad - 500 076 (Source: https://pharmacareer.in/sri-krishna-pharmaceuticals-ltd-walk-in-on-august-18-19-20-and-21-2026/)",Not publicly stated,Public source-cited HR/careers-context contact. Confirm with company before applying.
Srikrishna Pharmaceuticals Ltd.,hrd@srikrishnapharma.com,https://www.srikrishnapharma.com/careers/,+91-40-2720 1101/02 - https://www.srikrishnapharma.com/careers/,Not verified,"1–6 Years; ₹25,000–₹60,000 per month - https://pharmabharat.com/sri-krishna-pharmaceuticals-is-hiring-for-quality-control-api/",Public source-cited HR/careers-context contact. Confirm with company before applying.
Strava Healthcare Pvt. Ltd.,corp.hr@stravahealthcare.com,https://stravahealthcare.com/career/,Not publicly verified,Not verified,Experience: 1–3 Years (Officer) / 4–6 Years (Executive); Qualification: B.Pharm / M.Sc. for QA and Production roles; Salary/CTC: Not publicly stated,Public source-cited HR/careers-context contact. Confirm with company before applying.
Strava Healthcare Pvt. Ltd.,hrd@stravahealthcare.com,https://stravahealthcare.com/career/,Not publicly verified,Not verified,Experience: 1–3 Years (Officer) / 4–6 Years (Executive); Qualification: B.Pharm / M.Sc. for QA and Production roles; Salary/CTC: Not publicly stated,Public source-cited HR/careers-context contact. Confirm with company before applying.
Strides Pharma Science Ltd.,hr@strides.com,https://www.allpharmacyjobs.in/pharmacy-jobs-vacancy-hiring-for-quality-control-executive-strides-pharma/,Not verified,Not verified,1-3 Years experience; Salary/CTC not publicly stated,Public source-cited HR/careers-context contact. Confirm with company before applying.
Sudeep Pharma Pvt. Ltd.,career@sudeepgroup.com,https://www.sudeeppharma.com/jobs/manager-production/,Not publicly verified,Not verified,Not publicly stated,Public source-cited HR/careers-context contact. Confirm with company before applying.
Sun Pharmaceutical Industries Ltd.,akash.gogoi@sunpharma.com,https://pharmabharat.com/sun-pharma-is-hiring-freshers-experienced-for-osd-production-warehouse-engineering-qc-and-qa/,+91 8473959757 (https://pharmabharat.com/sun-pharma-is-hiring-freshers-experienced-for-osd-production-warehouse-engineering-qc-and-qa/),"Walk-in drive on 16 August 2026 for OSD Production, Non-OSD Production, Warehouse, Engineering, Quality Control (QC), and Quality Assurance (QA) departments at Eco Paradise and Resort, Mining Ground, Rangpo, Sikkim (conducted by Sun Pharma Guwahati).",Experience: Freshers & Experienced (2–15 years); Salary: Not publicly stated,Public source-cited HR/careers-context contact. Confirm with company before applying.
Sun Pharmaceutical Industries Ltd.,recruitment.dadra@sunpharma.com,https://careers.sunpharma.com/job/Walk-in-interview-at-Bharuch-on-090826/58463244/,Not publicly verified,Not verified,"Experience: 0-5 years (Apprentice/Technician) to 4-8 years (Officer/Sr. Officer/Executive in OSD Manufacturing, Packing & QC). Qualification: B.Pharm, M.Pharm, B.Sc, M.Sc, ITI, Diploma. Salary/CTC: Not publicly stated",Public source-cited HR/careers-context contact. Confirm with company before applying.
Swiss Parenterals Ltd.,hr1@swiss.in,https://www.pharmatutor.org/content/april-2026/swiss-parenterals-hiring-for-quality-assurance-department,"+91-9099048661, +91-6352978952 (explicit recruitment/WhatsApp numbers from hiring notices)",Not verified,Not publicly stated,Public source-cited HR/careers-context contact. Confirm with company before applying.
Swiss Parenterals Ltd.,recruitment@swiss.in,https://www.pharmatutor.org/content/april-2026/swiss-parenterals-hiring-for-quality-assurance-department,"+91-9099048661, +91-6352978952 (explicit recruitment/WhatsApp numbers from hiring notices)",Not verified,Not publicly stated,Public source-cited HR/careers-context contact. Confirm with company before applying.
Synokem Pharmaceuticals Ltd.,career@synokempharma.com,https://www.synokempharma.com/career,Not publicly verified,Not verified,Not publicly stated,Public source-cited HR/careers-context contact. Confirm with company before applying.
SynZeal Research Pvt. Ltd.,recruitment@synzeal.com,https://www.synzeal.com/en/career,+91-7969-225-400 (Source: https://www.synzeal.com/en/career),"Executive - QC Walk-in Interview on 17 August 2026 at SynZeal Research Park, Rajoda, Bavla, Ahmedabad",Not publicly stated,Public source-cited HR/careers-context contact. Confirm with company before applying.
Themis Medicare Ltd.,hr@themismedicare.com,https://in.linkedin.com/company/themismedicare,+91.22.67607080,Not verified,Not publicly stated,Public source-cited HR/careers-context contact. Confirm with company before applying.
Titan Laboratories Pvt. Ltd.,careers@titanpharma.com,https://titan-lab.com/career.php,+91-22-67857000 (Corporate Office) / Walk-in: 8655355868,"Walk-in interview on 16 August 2026 for Formulation Production, Quality Assurance (QA), Quality Control (QC), and Engineering at Suba Elite Hotel, Vadodara, Gujarat",Not publicly stated,Public source-cited HR/careers-context contact. Confirm with company before applying.
Torrent Pharmaceuticals Ltd.,hr@torrentpharma.com,https://www.linkedin.com/posts/torrent-pharmaceuticals-ltd_to-be-a-part-of-torrent-pharma-email-us-your-activity-6244026107180474368-bthF,Not publicly verified,"QA, Production, and OSD Manufacturing roles via walk-in interviews on 2nd August 2026 and 9th August 2026 in Gujarat (Sanand and Bharuch plants)","Experience: 1–5 years / 2–6 years; Qualification: B.Pharm, M.Pharm, M.Sc, Diploma; Salary/CTC: Not publicly stated",Public source-cited HR/careers-context contact. Confirm with company before applying.
Torrent Pharmaceuticals Ltd.,hrindrad@torrentpharma.com,https://www.linkedin.com/posts/torrent-pharmaceuticals-ltd_to-be-a-part-of-torrent-pharma-email-us-your-activity-6244026107180474368-bthF,+91 79-26599000 (https://www.torrentpharma.com/careers/join-us/),Not verified,Not publicly stated,Public source-cited HR/careers-context contact. Confirm with company before applying.
Troikaa Pharmaceuticals Ltd.,recruitment@troikaapharma.com,https://www.troikaa.com/careers/,Not publicly verified,Quality Control / Analytical / Packing positions walk-in interview on 23 August 2026,Not publicly stated,Public source-cited HR/careers-context contact. Confirm with company before applying.
Umedica Laboratories Ltd.,career@umedicalabs.com,https://jobpinch.com/umedica-laboratories-walk-in-interview-2026/,Not publicly verified,Not verified,"Experience: 2-5 Years; Qualification: ITI, Diploma, B.Sc, M.Sc, B.Pharm, M.Pharm, B.E.; Salary: Not publicly stated",Public source-cited HR/careers-context contact. Confirm with company before applying.
Umedica Laboratories Ltd.,hrd@umedicalabs.com,https://www.umedicalabs.com/careers.html,Not verified,Not verified,Experience: 2 to 7 Years; Salary: As Per Company Norms,Public source-cited HR/careers-context contact. Confirm with company before applying.
Unichem Laboratories Ltd.,hrgoa@unichemlabs.com,https://www.jobavailables.com/2026/08/unichem-laboratories-walk-in-interview.html,Not verified,"Quality Assurance (QA), Quality Control (QC), Production, and Materials (Officer, Sr. Officer, Technician positions) walk-in interview drive on August 23, 2026 at Grace Majestic, Margao, Goa.",1 to 3 years experience required; salary/CTC not publicly stated.,Public source-cited HR/careers-context contact. Confirm with company before applying.
Unijules Life Sciences Ltd.,hrd@unijules.com,https://www.unijules.com/carrers.php,Not publicly verified,Not verified,Not publicly stated,Public source-cited HR/careers-context contact. Confirm with company before applying.
Unison Pharmaceuticals Pvt. Ltd.,careers@unisonpharmaceuticals.com,https://pharmabharat.com/unison-pharma-walk-in-interview-for-quality-control-jobs/,Not publicly verified,Not verified,Not publicly stated,Public source-cited HR/careers-context contact. Confirm with company before applying.
USV Private Ltd.,hrd@usv.in,https://www.usvindia.com/contact-us,Not verified,Not verified,Not publicly stated,Public source-cited HR/careers-context contact. Confirm with company before applying.
Venus Remedies Ltd.,career@venusremedies.com,https://venusremedies.com/blog/we-are-hiring,Not verified,Not verified,Not publicly stated,Public source-cited HR/careers-context contact. Confirm with company before applying.
Venus Remedies Ltd.,recruitment@venusremedies.com,https://venusremedies.com/blog/we-are-hiring,Not verified,Not verified,Not publicly stated,Public source-cited HR/careers-context contact. Confirm with company before applying.
VHB Life Sciences Ltd.,nisha.ram@vhbgroup.com,https://pharmabharat.com/vhb-medi-sciences-hiring-for-freshers-in-production-qa-qc-micro/,Not publicly verified,Not verified,Not publicly stated,Public source-cited HR/careers-context contact. Confirm with company before applying.
Viatris Healthcare Ltd.,hrservicecenter@viatris.com,https://www.viatris.com/en/newsroom/contact-us,Not verified,Not verified,Not publicly stated,Public source-cited HR/careers-context contact. Confirm with company before applying.
Vimal Life Sciences Pvt. Ltd.,careers@vimallifesciences.com,https://www.vimallifesciences.com/contact-us/,+91 22 4355 1100 (Source: https://www.vimallifesciences.com/contact-us/),Not verified,Not publicly stated,Public source-cited HR/careers-context contact. Confirm with company before applying.
Vital Therapeutics & Formulations Pvt. Ltd.,hr@vitalpharma.in,https://pharmajobalert.in/walk-in-on-august-18th-19th-2026-itidiplomabscb-commbab-pharmmpharmb-tech-at-vital-therapeutics-and-formulations-pvt-ltd/,+91 9666 977 644 (https://pharmajobalert.in/walk-in-on-august-18th-19th-2026-itidiplomabscb-commbab-pharmmpharmb-tech-at-vital-therapeutics-and-formulations-pvt-ltd/),"Walk-in interviews / recruitment drive on August 18th–19th, 2026 for production, OSD manufacturing, and technical roles at Secunderabad facility.",Experience: 1–7 years; Salary/CTC: Not publicly stated.,Public source-cited HR/careers-context contact. Confirm with company before applying.
West-Coast Pharmaceutical Works Ltd.,hrdho@westcoastin.com,https://pharmastuff.org/job/west-coast-pharmaceutical-works-production-qa-qc-recruitment,Not publicly verified,"Walk-In Interview on 18 August 2026 for Production (OSD), Quality Assurance (IPQA & QMS), and Quality Control at Gota, Ahmedabad","B.Pharm, M.Sc, M.Pharm, ITI with 0–8 years experience (Freshers & Experienced eligible); Salary/CTC not publicly stated",Public source-cited HR/careers-context contact. Confirm with company before applying.
Windlas Biotech Ltd.,hr@windlasbiotech.com,https://jobpinch.com/windlas-biotech-jobs-2026/,+91 8006566294,Not verified,Not publicly stated,Public source-cited HR/careers-context contact. Confirm with company before applying.
Wintac Ltd.,hr@somersetlimited.com,https://somersetlimited.com/career/,Not publicly verified,Not verified,Not publicly stated,Public source-cited HR/careers-context contact. Confirm with company before applying.
Wockhardt Ltd.,career@wockhardt.com,https://www.wockhardt.com/careers/careerwockhardt/,0260-7126500 / 9173800427 | https://pharmajobalert.in/wockhardt-walk-in-on-12th-july-2026-for-multiple-positions/,Not verified,Not publicly stated,Public source-cited HR/careers-context contact. Confirm with company before applying.
Yash Pharma Laboratories Pvt. Ltd.,regulatory2@yashpharma.com,https://pharmabharat.org/yash-pharma-laboratories-hiring-for-regulatory-affairs-executive/,Not publicly verified,Not verified,Not publicly stated,Public source-cited HR/careers-context contact. Confirm with company before applying.
Yashoda Hospitals Pharma Division,recruitment@yashodamail.com,https://www.instagram.com/reel/DTAYN_8j5my/,9703321354,Not verified,Not publicly stated,Public source-cited HR/careers-context contact. Confirm with company before applying.
Zenara Pharma Pvt. Ltd.,hrd@zenara.com,https://www.instagram.com/reel/Db-Ryiootld/,"+91-7337363325, https://www.instagram.com/reel/Db-Ryiootld/",Not verified,Quality Assurance: 2–10 years experience; Salary/CTC: Not publicly stated,Public source-cited HR/careers-context contact. Confirm with company before applying.
Zenotech Laboratories Ltd.,hr1@zenotech.co.in,https://pharmawisdom.co.in/zenotech-laboratories-walk-in-on-6th-7th-8th-aug-2026/,7995333775 (WhatsApp Queries),Not verified,Not publicly stated,Public source-cited HR/careers-context contact. Confirm with company before applying.
Zuventus Healthcare Ltd.,hr.plant@zuventus.com,https://zuventuscareers.peoplestrong.com/job/detail/ZUV_-E-HR_982330,Not publicly verified,Not verified,Not publicly stated,Public source-cited HR/careers-context contact. Confirm with company before applying.
